{
"AEX" : -0.01455092858527478526,
"AEY" : -0.01609657397914736230,
"AF0" : -0.01571665527436337501,
"AF1" : -0.01668703028331012549,
"AF2" : -0.01517975695884693797,
"AF3" : -0.01464153881799933370,
"AS0" : -0.01521753972585941300,
"AT7" : -0.01421905654301371300
}
