{
"SN46" : 0.00902,
"SN47" : 0.00898,
"SN48" : 0.00909,
"SN49" : 0.00904,
"SN50" : 0.00905,
"SN51" : 0.00902,
"SN73" : 0.00898,
"SN74" : 0.00903,
"SN80" : 0.00905,
"SN81" : 0.00898,
"SN82" : 0.00901,
"SN83" : 0.00902,
"SN84" : 0.00902,
"SN85" : 0.00902,
"SN86" : 0.00898,
"SN87" : 0.00903
}
